name,description,rating,source,url,validated,source_count,verification_status,business_status,permanently_closed,google_name,google_address,google_rating,google_rating_count,price_level,open_now,current_hours,place_types,api_source_type,last_verified,google_place_id,verification_error
Navigation,,,Thrillist,https://www.thrillist.com/eat/pittsburgh/best-italian-restaurants-in-pittsburgh-pa,True,3,NOT_FOUND,NOT_FOUND,,,,,,,,,,,2025-08-13T11:52:19.959342,,
Girasole,"Girasole means “sunflower” in Italian, and it’s a perennial ingredient the restaurant incorporates into some dishes (the house salad features sunflower vinaigrette as well as sunflower seeds). While the step-down basement setup is reminiscent of a rustic European cafe, the menu reflects modernity, c",,Thrillist,https://www.thrillist.com/eat/pittsburgh/best-italian-restaurants-in-pittsburgh-pa,True,2,VERIFIED,OPERATIONAL,False,Girasole,"733 Copeland St, Pittsburgh, PA 15232, USA",4.5,1107,2,True,"['Monday: Closed', 'Tuesday: 11:30\u202fAM\u2009–\u20099:00\u202fPM', 'Wednesday: 11:30\u202fAM\u2009–\u20099:00\u202fPM', 'Thursday: 11:30\u202fAM\u2009–\u20099:00\u202fPM', 'Friday: 11:30\u202fAM\u2009–\u200910:00\u202fPM', 'Saturday: 11:30\u202fAM\u2009–\u200910:00\u202fPM', 'Sunday: 4:00\u2009–\u20099:00\u202fPM']",[],,2025-08-13T11:52:20.996393,ChIJLy7o3xDyNIgR-cB2KQN8G9I,
Pleasure Bar,"You can’t make a list of best Italian restaurants in Pittsburgh without starting in Bloomfield, the city’s Little Italy. The Pleasure Bar has been around since 1941, under three different family owners. The retro decor hasn’t changed much over that time (and includes lots of windows for people watch",,Thrillist,https://www.thrillist.com/eat/pittsburgh/best-italian-restaurants-in-pittsburgh-pa,True,2,VERIFIED,OPERATIONAL,False,Pleasure Bar,"4729 Liberty Ave, Pittsburgh, PA 15224, USA",4.3,659,2,False,"['Monday: Closed', 'Tuesday: Closed', 'Wednesday: Closed', 'Thursday: 4:00\u2009–\u20099:00\u202fPM', 'Friday: 4:00\u2009–\u20099:00\u202fPM', 'Saturday: 4:00\u2009–\u20099:00\u202fPM', 'Sunday: 4:00\u2009–\u20099:00\u202fPM']",[],,2025-08-13T11:52:21.991483,ChIJU1c6EUfyNIgRg8gKJwQNl4c,
Forno,"Piccolo Forno features a menu of Tuscan-style dishes incorporating interesting meats like rabbit and lamb, while also sporting an interior of traditional design elements including exposed brick. But even if the heart is set on pasta, which is certainly delicious in its own right, pizza lovers will w",,Thrillist,https://www.thrillist.com/eat/pittsburgh/best-italian-restaurants-in-pittsburgh-pa,True,2,VERIFIED,OPERATIONAL,False,Piccolo Forno,"3801 Butler St, Pittsburgh, PA 15201, USA",4.5,1066,2,False,"['Monday: 5:00\u2009–\u20099:00\u202fPM', 'Tuesday: 12:00\u2009–\u20099:00\u202fPM', 'Wednesday: 12:00\u2009–\u20099:00\u202fPM', 'Thursday: 12:00\u2009–\u20099:00\u202fPM', 'Friday: 12:00\u2009–\u200910:00\u202fPM', 'Saturday: 12:00\u2009–\u200910:00\u202fPM', 'Sunday: Closed']",[],,2025-08-13T11:52:23.166484,ChIJ5UoaTrPzNIgR67C6D3W0d-M,
Famiglia,"Before you venture to Alla Famiglia, you’ll want train like you’re preparing for a marathon… of eating. As soon as you sit down, all tables are set with “Holy Oil” for dipping locally made bread, which is truly a spiritual culinary experience. But as tempting as it is, try not to fill up on bread, b",,Thrillist,https://www.thrillist.com/eat/pittsburgh/best-italian-restaurants-in-pittsburgh-pa,True,2,VERIFIED,OPERATIONAL,False,Alla Famiglia,"804 E Warrington Ave, Pittsburgh, PA 15210, USA",4.7,1332,4,False,"['Monday: 4:00\u2009–\u200910:00\u202fPM', 'Tuesday: 4:00\u2009–\u200910:00\u202fPM', 'Wednesday: 4:00\u2009–\u200910:00\u202fPM', 'Thursday: 4:00\u2009–\u200910:00\u202fPM', 'Friday: 4:00\u2009–\u200911:00\u202fPM', 'Saturday: 4:00\u2009–\u200911:00\u202fPM', 'Sunday: Closed']",[],,2025-08-13T11:52:24.273791,ChIJY4oV6DjxNIgRmaNZyV7lqY8,
Cenacolo,"“Business park” and “Italian restaurant” are rarely uttered in the same sentence, but don’t let that stop you from seeking out Cenacolo. The venue is located within the restaurant’s pasta factory, which provides pasta to lots of area restaurants, and makes for a unique ambience with high ceilings in",,Thrillist,https://www.thrillist.com/eat/pittsburgh/best-italian-restaurants-in-pittsburgh-pa,True,2,VERIFIED,OPERATIONAL,False,Cenacolo Restaurant,"2000 Commerce Lp, North Huntingdon, PA 15642, USA",4.6,829,2,False,"['Monday: Closed', 'Tuesday: Closed', 'Wednesday: 12:00\u2009–\u20092:00\u202fPM, 4:00\u2009–\u20098:00\u202fPM', 'Thursday: 12:00\u2009–\u20092:00\u202fPM, 4:00\u2009–\u20098:00\u202fPM', 'Friday: 12:00\u2009–\u20092:00\u202fPM, 4:00\u2009–\u20099:00\u202fPM', 'Saturday: 4:00\u2009–\u20099:00\u202fPM', 'Sunday: Closed']",[],,2025-08-13T11:52:25.393733,ChIJZwsZY27dNIgRV_FdW6boZkE,
Tambellini Restaurant,"With its white tablecloths and refined elegance, this is the perfect “special occasion” Italian restaurant. Lots of couples and families will come here for birthdays, anniversaries, and nights out because this establishment is truly a treat for the taste buds. When it comes to appetizers, the sesame",,Thrillist,https://www.thrillist.com/eat/pittsburgh/best-italian-restaurants-in-pittsburgh-pa,True,2,VERIFIED,OPERATIONAL,False,Joseph Tambellini Restaurant,"5701 Bryant St, Pittsburgh, PA 15206, USA",4.6,469,3,False,"['Monday: Closed', 'Tuesday: Closed', 'Wednesday: Closed', 'Thursday: 4:00\u2009–\u20099:00\u202fPM', 'Friday: 4:00\u2009–\u20099:00\u202fPM', 'Saturday: 4:00\u2009–\u200910:00\u202fPM', 'Sunday: 4:00\u2009–\u20098:00\u202fPM']",[],,2025-08-13T11:52:26.590557,ChIJF8gWyH_yNIgR54cOZfU6tXw,
Adolfo’s Restaurant,"So maybe you like Italian food but sometimes want to pair it with cuisine from a completely different culture? Enter Adolfo’s, an Italian and Venezuelan restaurant on Liberty Avenue in Bloomfield, which brings the neighborhood into the modern foodie era with its more foreign flair. Where else can yo",,Thrillist,https://www.thrillist.com/eat/pittsburgh/best-italian-restaurants-in-pittsburgh-pa,True,2,VERIFIED,CLOSED_PERMANENTLY,True,Adolfo's Restaurant,"4770 Liberty Ave, Pittsburgh, PA 15224, USA",4.5,29,,,[],[],,2025-08-13T11:52:27.549960,ChIJP23XTkfyNIgRanyzkwOHNf8,
Mercato,"This isn't just one Italian restaurant -- it's three, each housed on its own separate floor, each operating at a different speed. At street level, you'll find Emporio with its spread of meatballs and sauces; go up a flight and you'll be in Mezzo, serving generous plates of charcuterie, pizzas, pasta",,Thrillist,https://www.thrillist.com/eat/pittsburgh/best-italian-restaurants-in-pittsburgh-pa,True,2,VERIFIED,OPERATIONAL,False,Sienna Mercato,"942 Penn Ave, Pittsburgh, PA 15222, USA",4.3,3017,2,True,"['Monday: Closed', 'Tuesday: 11:30\u202fAM\u2009–\u200910:00\u202fPM', 'Wednesday: 11:30\u202fAM\u2009–\u200910:00\u202fPM', 'Thursday: 11:30\u202fAM\u2009–\u200911:00\u202fPM', 'Friday: 11:30\u202fAM\u2009–\u20092:00\u202fAM', 'Saturday: 11:30\u202fAM\u2009–\u20092:00\u202fAM', 'Sunday: 10:00\u202fAM\u2009–\u20093:00\u202fPM']",[],,2025-08-13T11:52:28.564119,ChIJ94jpoOLzNIgRJYcVFw-XWSU,
The Pleasure Bar,"The Pleasure BarBloomfieldYou can’t make a list of best Italian restaurants in Pittsburgh without starting in Bloomfield, the city’s Little Italy",,Thrillist,https://www.thrillist.com/eat/pittsburgh/best-italian-restaurants-in-pittsburgh-pa,True,2,VERIFIED,OPERATIONAL,False,Pleasure Bar,"4729 Liberty Ave, Pittsburgh, PA 15224, USA",4.3,659,2,False,"['Monday: Closed', 'Tuesday: Closed', 'Wednesday: Closed', 'Thursday: 4:00\u2009–\u20099:00\u202fPM', 'Friday: 4:00\u2009–\u20099:00\u202fPM', 'Saturday: 4:00\u2009–\u20099:00\u202fPM', 'Sunday: 4:00\u2009–\u20099:00\u202fPM']",[],,2025-08-13T11:52:30.123093,ChIJU1c6EUfyNIgRg8gKJwQNl4c,
Italian restaurant -- it,"Emporio: A Meatball JointSienna MercatoDowntownThis isn't just one Italian restaurant -- it's three, each housed on its own separate floor, each operating at a different speed",,Thrillist,https://www.thrillist.com/eat/pittsburgh/best-italian-restaurants-in-pittsburgh-pa,True,2,VERIFIED,OPERATIONAL,False,Alla Famiglia,"804 E Warrington Ave, Pittsburgh, PA 15210, USA",4.7,1332,4,False,"['Monday: 4:00\u2009–\u200910:00\u202fPM', 'Tuesday: 4:00\u2009–\u200910:00\u202fPM', 'Wednesday: 4:00\u2009–\u200910:00\u202fPM', 'Thursday: 4:00\u2009–\u200910:00\u202fPM', 'Friday: 4:00\u2009–\u200911:00\u202fPM', 'Saturday: 4:00\u2009–\u200911:00\u202fPM', 'Sunday: Closed']",[],,2025-08-13T11:52:31.339011,ChIJY4oV6DjxNIgRmaNZyV7lqY8,
Il Tetto,"Go all the way to the third floor to end up at Il Tetto (literally translated as ""the roof""), one of the most handsome rooftop bars in the Steel City",,Thrillist,https://www.thrillist.com/eat/pittsburgh/best-italian-restaurants-in-pittsburgh-pa,True,2,VERIFIED,OPERATIONAL,False,Il Tetto Rooftop Beer Garden,"942 Penn Ave, Pittsburgh, PA 15222, USA",4,29,,False,"['Monday: Closed', 'Tuesday: 4:00\u2009–\u200910:00\u202fPM', 'Wednesday: 4:00\u2009–\u200910:00\u202fPM', 'Thursday: 4:00\u2009–\u200911:00\u202fPM', 'Friday: 4:00\u202fPM\u2009–\u20091:00\u202fAM', 'Saturday: 2:00\u202fPM\u2009–\u200912:00\u202fAM', 'Sunday: 12:00\u202fAM\u2009–\u20091:00\u202fPM']",[],,2025-08-13T11:52:32.332050,ChIJ2Uu86LjxNIgRv6S8FXJvSA4,
Shilling Hill Farm,Highly-rated farm-to-table restaurants - 4.9/5.0 stars (134 reviews),4.9/5.0,Google Places API,https://maps.google.com/maps?place_id=ChIJRy0_R_JSNIgREERvxqWpCuE,True,1,VERIFIED,OPERATIONAL,False,Shilling Hill Farm,"786 Western Ave, Washington, PA 15301, USA",4.9,134,,True,"['Monday: Closed', 'Tuesday: 11:00\u202fAM\u2009–\u20095:00\u202fPM', 'Wednesday: 11:00\u202fAM\u2009–\u20095:00\u202fPM', 'Thursday: 11:00\u202fAM\u2009–\u20095:00\u202fPM', 'Friday: 11:00\u202fAM\u2009–\u20095:00\u202fPM', 'Saturday: 11:00\u202fAM\u2009–\u20095:00\u202fPM', 'Sunday: Closed']",[],Farm-to-table restaurants,2025-08-13T11:52:33.450131,ChIJRy0_R_JSNIgREERvxqWpCuE,
feast,Highly-rated farm-to-table restaurants - 4.9/5.0 stars (100 reviews),4.9/5.0,Google Places API,https://maps.google.com/maps?place_id=ChIJG2rHNzWPNIgRvnul9tEyPPw,True,1,VERIFIED,OPERATIONAL,False,Feast Gourmet Market and Eatery,"27 Brilliant Ave, Aspinwall, PA 15215, USA",4.6,88,,True,"['Monday: 10:00\u202fAM\u2009–\u20095:30\u202fPM', 'Tuesday: 10:00\u202fAM\u2009–\u20095:30\u202fPM', 'Wednesday: 10:00\u202fAM\u2009–\u20095:30\u202fPM', 'Thursday: 10:00\u202fAM\u2009–\u20095:30\u202fPM', 'Friday: 10:00\u202fAM\u2009–\u20095:30\u202fPM', 'Saturday: 10:00\u202fAM\u2009–\u20095:00\u202fPM', 'Sunday: Closed']",[],Farm-to-table restaurants,2025-08-13T11:52:34.499423,ChIJyXV4P2ztNIgRIAzbI1mW0G0,
Café Momentum Pittsburgh,Highly-rated farm-to-table restaurants - 4.9/5.0 stars (65 reviews),4.9/5.0,Google Places API,https://maps.google.com/maps?place_id=ChIJCzqyxVbxNIgRkt_SjUXDTyM,True,1,VERIFIED,OPERATIONAL,False,Café Momentum Pittsburgh,"268 Forbes Ave, Pittsburgh, PA 15222, USA",4.9,65,,True,"['Monday: Closed', 'Tuesday: 11:00\u202fAM\u2009–\u20092:00\u202fPM', 'Wednesday: 11:00\u202fAM\u2009–\u20092:00\u202fPM', 'Thursday: 11:00\u202fAM\u2009–\u20092:00\u202fPM, 5:00\u2009–\u20099:00\u202fPM', 'Friday: 11:00\u202fAM\u2009–\u20092:00\u202fPM, 5:00\u2009–\u20099:00\u202fPM', 'Saturday: 5:00\u2009–\u20099:00\u202fPM', 'Sunday: Closed']",[],Farm-to-table restaurants,2025-08-13T11:52:35.620614,ChIJCzqyxVbxNIgRkt_SjUXDTyM,
V&V Scratch Kitchen,Highly-rated farm-to-table restaurants - 4.8/5.0 stars (723 reviews),4.8/5.0,Google Places API,https://maps.google.com/maps?place_id=ChIJDf9ZFiL9NIgRMhpruI0PKBY,True,1,VERIFIED,OPERATIONAL,False,V&V Scratch Kitchen,"6108 Brownsville Rd Ext #203, Finleyville, PA 15332, USA",4.8,723,2,True,"['Monday: 11:00\u202fAM\u2009–\u20098:00\u202fPM', 'Tuesday: 11:00\u202fAM\u2009–\u20098:00\u202fPM', 'Wednesday: 11:00\u202fAM\u2009–\u20098:00\u202fPM', 'Thursday: 11:00\u202fAM\u2009–\u20098:00\u202fPM', 'Friday: 11:00\u202fAM\u2009–\u20099:00\u202fPM', 'Saturday: 11:00\u202fAM\u2009–\u20098:00\u202fPM', 'Sunday: Closed']",[],Farm-to-table restaurants,2025-08-13T11:52:36.682300,ChIJDf9ZFiL9NIgRMhpruI0PKBY,
Monterey Bay Fish Grotto,Highly-rated mid-to-upscale restaurants - 4.7/5.0 stars (2666 reviews),4.7/5.0,Google Places API,https://maps.google.com/maps?place_id=ChIJPz5dmKX2NIgRgcESndEXxLQ,True,1,VERIFIED,OPERATIONAL,False,Monterey Bay Fish Grotto,"1411 Grandview Ave, Pittsburgh, PA 15211, USA",4.7,2666,4,False,"['Monday: 4:30\u2009–\u20098:30\u202fPM', 'Tuesday: 4:30\u2009–\u20098:30\u202fPM', 'Wednesday: 4:30\u2009–\u20098:30\u202fPM', 'Thursday: 4:30\u2009–\u20098:30\u202fPM', 'Friday: 4:00\u2009–\u20099:30\u202fPM', 'Saturday: 4:00\u2009–\u20099:30\u202fPM', 'Sunday: 4:00\u2009–\u20098:30\u202fPM']",[],Mid-to-upscale restaurants,2025-08-13T11:52:37.826778,ChIJPz5dmKX2NIgRgcESndEXxLQ,
Altius,Highly-rated fine dining restaurants - 4.7/5.0 stars (1868 reviews),4.7/5.0,Google Places API,https://maps.google.com/maps?place_id=ChIJWdAveK_2NIgRLTc86K9aJpk,True,1,VERIFIED,OPERATIONAL,False,Altius,"1230 Grandview Ave, Pittsburgh, PA 15211, USA",4.7,1868,4,False,"['Monday: 5:00\u2009–\u20099:00\u202fPM', 'Tuesday: 5:00\u2009–\u20099:00\u202fPM', 'Wednesday: 5:00\u2009–\u20099:00\u202fPM', 'Thursday: 5:00\u2009–\u20099:00\u202fPM', 'Friday: 5:00\u2009–\u200910:00\u202fPM', 'Saturday: 4:00\u2009–\u200910:00\u202fPM', 'Sunday: Closed']",[],Fine dining restaurants,2025-08-13T11:52:38.940405,ChIJWdAveK_2NIgRLTc86K9aJpk,
Villa Ballanca,Highly-rated italian restaurants - 4.7/5.0 stars (1359 reviews),4.7/5.0,Google Places API,https://maps.google.com/maps?place_id=ChIJd2lImPm9NIgRCDZuoir4RMc,True,1,VERIFIED,OPERATIONAL,False,Villa Ballanca,"2740 Leechburg Rd, Lower Burrell, PA 15068, USA",4.7,1359,2,True,"['Monday: Closed', 'Tuesday: Closed', 'Wednesday: 11:00\u202fAM\u2009–\u20099:00\u202fPM', 'Thursday: 11:00\u202fAM\u2009–\u20099:00\u202fPM', 'Friday: 11:00\u202fAM\u2009–\u20099:00\u202fPM', 'Saturday: 11:00\u202fAM\u2009–\u20099:00\u202fPM', 'Sunday: 11:00\u202fAM\u2009–\u20098:00\u202fPM']",[],Italian restaurants,2025-08-13T11:52:39.914145,ChIJd2lImPm9NIgRCDZuoir4RMc,
Alla Famiglia,Highly-rated fine dining restaurants - 4.7/5.0 stars (1332 reviews),4.7/5.0,Google Places API,https://maps.google.com/maps?place_id=ChIJY4oV6DjxNIgRmaNZyV7lqY8,True,1,VERIFIED,OPERATIONAL,False,Alla Famiglia,"804 E Warrington Ave, Pittsburgh, PA 15210, USA",4.7,1332,4,False,"['Monday: 4:00\u2009–\u200910:00\u202fPM', 'Tuesday: 4:00\u2009–\u200910:00\u202fPM', 'Wednesday: 4:00\u2009–\u200910:00\u202fPM', 'Thursday: 4:00\u2009–\u200910:00\u202fPM', 'Friday: 4:00\u2009–\u200911:00\u202fPM', 'Saturday: 4:00\u2009–\u200911:00\u202fPM', 'Sunday: Closed']",[],Fine dining restaurants,2025-08-13T11:52:40.828524,ChIJY4oV6DjxNIgRmaNZyV7lqY8,
Fig & Ash,Highly-rated fine dining restaurants - 4.7/5.0 stars (805 reviews),4.7/5.0,Google Places API,https://maps.google.com/maps?place_id=ChIJU-E_KhvzNIgRfi53Eoj79i8,True,1,VERIFIED,OPERATIONAL,False,Fig & Ash,"514 E Ohio St, Pittsburgh, PA 15212, USA",4.7,805,3,False,"['Monday: Closed', 'Tuesday: 5:00\u2009–\u200910:00\u202fPM', 'Wednesday: 5:00\u2009–\u200910:00\u202fPM', 'Thursday: 5:00\u2009–\u200910:00\u202fPM', 'Friday: 5:00\u2009–\u200911:00\u202fPM', 'Saturday: 5:00\u2009–\u200911:00\u202fPM', 'Sunday: Closed']",[],Fine dining restaurants,2025-08-13T11:52:41.843084,ChIJU-E_KhvzNIgRfi53Eoj79i8,
Eighty Acres Kitchen & Bar,Highly-rated farm-to-table restaurants - 4.7/5.0 stars (602 reviews),4.7/5.0,Google Places API,https://maps.google.com/maps?place_id=ChIJtZjVqbfBNIgR3vIzrzMTvSM,True,1,VERIFIED,OPERATIONAL,False,Eighty Acres Kitchen & Bar,"1910 New Texas Rd, Pittsburgh, PA 15239, USA",4.7,602,2,False,"['Monday: Closed', 'Tuesday: 3:00\u2009–\u20098:00\u202fPM', 'Wednesday: 3:00\u2009–\u20098:00\u202fPM', 'Thursday: 3:00\u2009–\u20098:00\u202fPM', 'Friday: 3:00\u2009–\u20099:00\u202fPM', 'Saturday: 3:00\u2009–\u20099:00\u202fPM', 'Sunday: 3:00\u2009–\u20098:00\u202fPM']",[],Farm-to-table restaurants,2025-08-13T11:52:42.831693,ChIJtZjVqbfBNIgR3vIzrzMTvSM,
DiAnoia's Eatery,Highly-rated italian restaurants - 4.6/5.0 stars (2193 reviews),4.6/5.0,Google Places API,https://maps.google.com/maps?place_id=ChIJR-ud98TzNIgREwnaG2ksz6k,True,1,VERIFIED,OPERATIONAL,False,DiAnoia's Eatery,"2549 Penn Ave, Pittsburgh, PA 15222, USA",4.6,2193,2,True,"['Monday: Closed', 'Tuesday: 8:00\u202fAM\u2009–\u20099:00\u202fPM', 'Wednesday: 8:00\u202fAM\u2009–\u20099:00\u202fPM', 'Thursday: 8:00\u202fAM\u2009–\u20099:00\u202fPM', 'Friday: 8:00\u202fAM\u2009–\u200910:00\u202fPM', 'Saturday: 8:00\u202fAM\u2009–\u200910:00\u202fPM', 'Sunday: 3:00\u2009–\u20098:00\u202fPM']",[],Italian restaurants,2025-08-13T11:52:43.961367,ChIJR-ud98TzNIgREwnaG2ksz6k,
The Capital Grille,Highly-rated mid-to-upscale restaurants - 4.6/5.0 stars (1781 reviews),4.6/5.0,Google Places API,https://maps.google.com/maps?place_id=ChIJGfCWEFfxNIgRKdud4avVJZk,True,1,VERIFIED,OPERATIONAL,False,The Capital Grille,"301 Fifth Ave, Pittsburgh, PA 15222, USA",4.6,1781,4,True,"['Monday: 11:00\u202fAM\u2009–\u20099:00\u202fPM', 'Tuesday: 11:00\u202fAM\u2009–\u20099:00\u202fPM', 'Wednesday: 11:00\u202fAM\u2009–\u20099:00\u202fPM', 'Thursday: 11:00\u202fAM\u2009–\u20099:00\u202fPM', 'Friday: 11:00\u202fAM\u2009–\u200910:00\u202fPM', 'Saturday: 4:00\u2009–\u200910:00\u202fPM', 'Sunday: 4:00\u2009–\u20099:00\u202fPM']",[],Mid-to-upscale restaurants,2025-08-13T11:52:44.987713,ChIJGfCWEFfxNIgRKdud4avVJZk,
Hyde Park Prime Steakhouse,Highly-rated fine dining restaurants - 4.6/5.0 stars (1055 reviews),4.6/5.0,Google Places API,https://maps.google.com/maps?place_id=ChIJw7NZi__zNIgRwcp5kxJAErk,True,1,VERIFIED,OPERATIONAL,False,Hyde Park Prime Steakhouse,"247 N Shore Dr, Pittsburgh, PA 15212, USA",4.6,1055,4,False,"['Monday: 4:30\u2009–\u20099:30\u202fPM', 'Tuesday: 4:30\u2009–\u20099:30\u202fPM', 'Wednesday: 4:30\u2009–\u20099:30\u202fPM', 'Thursday: 4:30\u2009–\u20099:30\u202fPM', 'Friday: 4:30\u2009–\u200910:30\u202fPM', 'Saturday: 4:00\u2009–\u200910:30\u202fPM', 'Sunday: 4:00\u2009–\u20099:00\u202fPM']",[],Fine dining restaurants,2025-08-13T11:52:46.006862,ChIJw7NZi__zNIgRwcp5kxJAErk,
Pasqualino's Italian Restaurant,Highly-rated italian restaurants - 4.6/5.0 stars (982 reviews),4.6/5.0,Google Places API,https://maps.google.com/maps?place_id=ChIJVTx06mXrNIgR4JR8VsBvuIE,True,1,VERIFIED,OPERATIONAL,False,Pasqualino's Italian Restaurant,"13032 Frankstown Rd, Penn Hills Township, PA 15235, USA",4.6,982,1,True,"['Monday: 11:00\u202fAM\u2009–\u20099:00\u202fPM', 'Tuesday: 11:00\u202fAM\u2009–\u20099:00\u202fPM', 'Wednesday: 11:00\u202fAM\u2009–\u20099:00\u202fPM', 'Thursday: 11:00\u202fAM\u2009–\u20099:00\u202fPM', 'Friday: 11:00\u202fAM\u2009–\u20099:00\u202fPM', 'Saturday: 11:00\u202fAM\u2009–\u20099:00\u202fPM', 'Sunday: 12:00\u2009–\u20099:00\u202fPM']",[],Italian restaurants,2025-08-13T11:52:47.036194,ChIJVTx06mXrNIgR4JR8VsBvuIE,
Sarafino's Homestyle Italian,Highly-rated italian restaurants - 4.6/5.0 stars (962 reviews),4.6/5.0,Google Places API,https://maps.google.com/maps?place_id=ChIJY1dSRm_2NIgRlCbmm8aZDR0,True,1,VERIFIED,OPERATIONAL,False,Sarafino's Homestyle Italian,"40 E Crafton Ave, Pittsburgh, PA 15205, USA",4.6,962,2,True,"['Monday: 11:00\u202fAM\u2009–\u20099:00\u202fPM', 'Tuesday: 11:00\u202fAM\u2009–\u20099:00\u202fPM', 'Wednesday: 11:00\u202fAM\u2009–\u20099:00\u202fPM', 'Thursday: 11:00\u202fAM\u2009–\u20099:00\u202fPM', 'Friday: 11:00\u202fAM\u2009–\u20099:00\u202fPM', 'Saturday: 3:00\u2009–\u200910:00\u202fPM', 'Sunday: Closed']",[],Italian restaurants,2025-08-13T11:52:48.066390,ChIJY1dSRm_2NIgRlCbmm8aZDR0,
Scratch & Co.,Highly-rated fine dining restaurants - 4.6/5.0 stars (708 reviews),4.6/5.0,Google Places API,https://maps.google.com/maps?place_id=ChIJ3ejbFb_zNIgRbaGSDkFD6Jw,True,1,VERIFIED,OPERATIONAL,False,Scratch & Co.,"1720 Lowrie St, Pittsburgh, PA 15212, USA",4.6,708,2,False,"['Monday: Closed', 'Tuesday: 5:00\u2009–\u200910:00\u202fPM', 'Wednesday: 5:00\u2009–\u200910:00\u202fPM', 'Thursday: 5:00\u2009–\u200910:00\u202fPM', 'Friday: 5:00\u2009–\u200911:00\u202fPM', 'Saturday: 5:00\u2009–\u200911:00\u202fPM', 'Sunday: 10:00\u202fAM\u2009–\u20093:00\u202fPM']",[],Fine dining restaurants,2025-08-13T11:52:49.127949,ChIJ3ejbFb_zNIgRbaGSDkFD6Jw,
Hartwood Restaurant & Whispers Pub,Highly-rated farm-to-table restaurants - 4.6/5.0 stars (614 reviews),4.6/5.0,Google Places API,https://maps.google.com/maps?place_id=ChIJq8hc54GSNIgR26y5NGv_k9w,True,1,VERIFIED,OPERATIONAL,False,Hartwood Restaurant & Whispers Pub,"3400 Harts Run Rd, Glenshaw, PA 15116, USA",4.6,614,2,True,"['Monday: Closed', 'Tuesday: 11:30\u202fAM\u2009–\u20092:00\u202fPM, 5:00\u2009–\u20099:30\u202fPM', 'Wednesday: 11:30\u202fAM\u2009–\u20092:00\u202fPM, 5:00\u2009–\u20099:30\u202fPM', 'Thursday: 11:30\u202fAM\u2009–\u20092:00\u202fPM, 5:00\u2009–\u20099:30\u202fPM', 'Friday: 11:30\u202fAM\u2009–\u20099:30\u202fPM', 'Saturday: 11:30\u202fAM\u2009–\u20099:30\u202fPM', 'Sunday: Closed']",[],Farm-to-table restaurants,2025-08-13T11:52:50.345313,ChIJq8hc54GSNIgR26y5NGv_k9w,
Ditka's,Highly-rated fine dining restaurants - 4.5/5.0 stars (1805 reviews),4.5/5.0,Google Places API,https://maps.google.com/maps?place_id=ChIJG7z2hzdZNIgRrivGLrhEAtQ,True,1,VERIFIED,OPERATIONAL,False,Ditka's,"1 Robinson Plaza, Pittsburgh, PA 15205, USA",4.5,1805,3,True,"['Monday: 11:00\u202fAM\u2009–\u20099:00\u202fPM', 'Tuesday: 11:00\u202fAM\u2009–\u20099:00\u202fPM', 'Wednesday: 11:00\u202fAM\u2009–\u20099:00\u202fPM', 'Thursday: 11:00\u202fAM\u2009–\u20099:00\u202fPM', 'Friday: 11:00\u202fAM\u2009–\u20099:30\u202fPM', 'Saturday: 3:00\u2009–\u20099:30\u202fPM', 'Sunday: 10:00\u202fAM\u2009–\u20098:00\u202fPM']",[],Fine dining restaurants,2025-08-13T11:52:51.338135,ChIJG7z2hzdZNIgRrivGLrhEAtQ,
Ritual House,Highly-rated fine dining restaurants - 4.5/5.0 stars (601 reviews),4.5/5.0,Google Places API,https://maps.google.com/maps?place_id=ChIJuanz3VnxNIgRevJ0mtJ3D9c,True,1,VERIFIED,OPERATIONAL,False,Ritual House,"524 William Penn Pl, Pittsburgh, PA 15219, USA",4.5,601,2,True,"['Monday: 4:00\u2009–\u20099:00\u202fPM', 'Tuesday: 11:00\u202fAM\u2009–\u20099:00\u202fPM', 'Wednesday: 11:00\u202fAM\u2009–\u20099:00\u202fPM', 'Thursday: 11:00\u202fAM\u2009–\u20099:00\u202fPM', 'Friday: 11:00\u202fAM\u2009–\u200910:00\u202fPM', 'Saturday: 9:30\u202fAM\u2009–\u200910:00\u202fPM', 'Sunday: 9:30\u202fAM\u2009–\u20098:00\u202fPM']",[],Fine dining restaurants,2025-08-13T11:52:52.507263,ChIJuanz3VnxNIgRevJ0mtJ3D9c,
Del Frisco's Double Eagle Steakhouse,Highly-rated steakhouses - 4.5/5.0 stars (526 reviews),4.5/5.0,Google Places API,https://maps.google.com/maps?place_id=ChIJjVrbU-HxNIgRHH-_Qorimjc,True,1,VERIFIED,OPERATIONAL,False,Del Frisco's Double Eagle Steakhouse,"455 Fifth Ave, Pittsburgh, PA 15219, USA",4.5,526,4,True,"['Monday: 11:30\u202fAM\u2009–\u20099:00\u202fPM', 'Tuesday: 11:30\u202fAM\u2009–\u20099:00\u202fPM', 'Wednesday: 11:30\u202fAM\u2009–\u20099:00\u202fPM', 'Thursday: 11:30\u202fAM\u2009–\u20099:00\u202fPM', 'Friday: 4:00\u2009–\u200910:00\u202fPM', 'Saturday: 4:00\u2009–\u200910:00\u202fPM', 'Sunday: 4:00\u2009–\u20099:00\u202fPM']",[],Steakhouses,2025-08-13T11:52:53.494452,ChIJjVrbU-HxNIgRHH-_Qorimjc,
Hofbräuhaus Pittsburgh,Highly-rated mid-to-upscale restaurants - 4.4/5.0 stars (2165 reviews),4.4/5.0,Google Places API,https://maps.google.com/maps?place_id=ChIJEfe6zHfxNIgRGR0MD0pIGHU,True,1,VERIFIED,OPERATIONAL,False,Hofbräuhaus Pittsburgh,"2705 S Water St, Pittsburgh, PA 15203, USA",4.4,2165,2,True,"['Monday: 11:00\u202fAM\u2009–\u200910:00\u202fPM', 'Tuesday: 11:00\u202fAM\u2009–\u200910:00\u202fPM', 'Wednesday: 11:00\u202fAM\u2009–\u200910:00\u202fPM', 'Thursday: 11:00\u202fAM\u2009–\u200911:00\u202fPM', 'Friday: 11:00\u202fAM\u2009–\u200912:00\u202fAM', 'Saturday: 11:00\u202fAM\u2009–\u200912:00\u202fAM', 'Sunday: 11:00\u202fAM\u2009–\u200910:00\u202fPM']",[],Mid-to-upscale restaurants,2025-08-13T11:52:54.624661,ChIJEfe6zHfxNIgRGR0MD0pIGHU,
J W Halls Steak & Seafood Inn,Highly-rated steakhouses - 4.4/5.0 stars (1069 reviews),4.4/5.0,Google Places API,https://maps.google.com/maps?place_id=ChIJjdoEWstnNIgRwtioMS6PJNo,True,1,VERIFIED,OPERATIONAL,False,J W Halls Steak & Seafood Inn,"2284 Brodhead Rd, Aliquippa, PA 15001, USA",4.4,1069,2,True,"['Monday: 11:00\u202fAM\u2009–\u20099:00\u202fPM', 'Tuesday: 11:00\u202fAM\u2009–\u20099:00\u202fPM', 'Wednesday: 11:00\u202fAM\u2009–\u20099:00\u202fPM', 'Thursday: 11:00\u202fAM\u2009–\u20099:00\u202fPM', 'Friday: 11:00\u202fAM\u2009–\u20099:00\u202fPM', 'Saturday: 11:00\u202fAM\u2009–\u20099:00\u202fPM', 'Sunday: 11:00\u202fAM\u2009–\u20098:00\u202fPM']",[],Steakhouses,2025-08-13T11:52:55.875581,ChIJjdoEWstnNIgRwtioMS6PJNo,
honeygrow,Highly-rated farm-to-table restaurants - 4.4/5.0 stars (808 reviews),4.4/5.0,Google Places API,https://maps.google.com/maps?place_id=ChIJk00YdnTyNIgRMe73uy_oHww,True,1,VERIFIED,OPERATIONAL,False,honeygrow,"105 S Highland Ave, Pittsburgh, PA 15206, USA",4.4,808,2,True,"['Monday: 10:30\u202fAM\u2009–\u200910:00\u202fPM', 'Tuesday: 10:30\u202fAM\u2009–\u200910:00\u202fPM', 'Wednesday: 10:30\u202fAM\u2009–\u200910:00\u202fPM', 'Thursday: 10:30\u202fAM\u2009–\u200910:00\u202fPM', 'Friday: 10:30\u202fAM\u2009–\u200910:00\u202fPM', 'Saturday: 10:30\u202fAM\u2009–\u200910:00\u202fPM', 'Sunday: 10:30\u202fAM\u2009–\u200910:00\u202fPM']",[],Farm-to-table restaurants,2025-08-13T11:52:56.907748,ChIJk00YdnTyNIgRMe73uy_oHww,
Grande Italian Restaurant,Highly-rated italian restaurants - 4.4/5.0 stars (379 reviews),4.4/5.0,Google Places API,https://maps.google.com/maps?place_id=ChIJ79mlwa9VNIgRBta6ZKo0XBU,True,1,VERIFIED,OPERATIONAL,False,Grande Italian Restaurant,"4205 Washington Rd, McMurray, PA 15317, USA",4.4,379,1,True,"['Monday: Closed', 'Tuesday: 11:00\u202fAM\u2009–\u20098:00\u202fPM', 'Wednesday: 11:00\u202fAM\u2009–\u20098:00\u202fPM', 'Thursday: 11:00\u202fAM\u2009–\u20098:00\u202fPM', 'Friday: 11:00\u202fAM\u2009–\u20099:00\u202fPM', 'Saturday: 11:00\u202fAM\u2009–\u20099:00\u202fPM', 'Sunday: 12:00\u2009–\u20098:00\u202fPM']",[],Italian restaurants,2025-08-13T11:52:57.959861,ChIJ79mlwa9VNIgRBta6ZKo0XBU,
The Church Brew Works,Highly-rated mid-to-upscale restaurants - 4.3/5.0 stars (5457 reviews),4.3/5.0,Google Places API,https://maps.google.com/maps?place_id=ChIJKT2mUrXzNIgRP_zITVG6-1s,True,1,VERIFIED,OPERATIONAL,False,The Church Brew Works,"3525 Liberty Ave, Pittsburgh, PA 15201, USA",4.3,5457,2,False,"['Monday: 4:00\u2009–\u200910:15\u202fPM', 'Tuesday: 4:00\u2009–\u200910:15\u202fPM', 'Wednesday: 4:00\u2009–\u200910:15\u202fPM', 'Thursday: 4:00\u2009–\u200910:15\u202fPM', 'Friday: 11:45\u202fAM\u2009–\u200911:00\u202fPM', 'Saturday: 11:45\u202fAM\u2009–\u200911:00\u202fPM', 'Sunday: 11:45\u202fAM\u2009–\u20099:00\u202fPM']",[],Mid-to-upscale restaurants,2025-08-13T11:52:59.165343,ChIJKT2mUrXzNIgRP_zITVG6-1s,
The Cheesecake Factory,Highly-rated mid-to-upscale restaurants - 4.3/5.0 stars (3908 reviews),4.3/5.0,Google Places API,https://maps.google.com/maps?place_id=ChIJE8r9NXbxNIgR2_MNy57jGM4,True,1,VERIFIED,OPERATIONAL,False,The Cheesecake Factory,"415 S 27th St, Pittsburgh, PA 15203, USA",4.3,3908,2,True,"['Monday: 11:00\u202fAM\u2009–\u200910:00\u202fPM', 'Tuesday: 11:00\u202fAM\u2009–\u200910:00\u202fPM', 'Wednesday: 11:00\u202fAM\u2009–\u200910:00\u202fPM', 'Thursday: 11:00\u202fAM\u2009–\u200910:00\u202fPM', 'Friday: 11:00\u202fAM\u2009–\u200911:00\u202fPM', 'Saturday: 11:00\u202fAM\u2009–\u200911:00\u202fPM', 'Sunday: 10:00\u202fAM\u2009–\u200910:00\u202fPM']",[],Mid-to-upscale restaurants,2025-08-13T11:53:00.237269,ChIJE8r9NXbxNIgR2_MNy57jGM4,
Sienna Mercato,Highly-rated italian restaurants - 4.3/5.0 stars (3017 reviews),4.3/5.0,Google Places API,https://maps.google.com/maps?place_id=ChIJ94jpoOLzNIgRJYcVFw-XWSU,True,1,VERIFIED,OPERATIONAL,False,Sienna Mercato,"942 Penn Ave, Pittsburgh, PA 15222, USA",4.3,3017,2,True,"['Monday: Closed', 'Tuesday: 11:30\u202fAM\u2009–\u200910:00\u202fPM', 'Wednesday: 11:30\u202fAM\u2009–\u200910:00\u202fPM', 'Thursday: 11:30\u202fAM\u2009–\u200911:00\u202fPM', 'Friday: 11:30\u202fAM\u2009–\u20092:00\u202fAM', 'Saturday: 11:30\u202fAM\u2009–\u20092:00\u202fAM', 'Sunday: 10:00\u202fAM\u2009–\u20093:00\u202fPM']",[],Italian restaurants,2025-08-13T11:53:01.290832,ChIJ94jpoOLzNIgRJYcVFw-XWSU,
Le Mont Restaurant,Highly-rated fine dining restaurants - 4.3/5.0 stars (1880 reviews),4.3/5.0,Google Places API,https://maps.google.com/maps?place_id=ChIJ06OQr6_2NIgRICqUO8vUW2s,True,1,VERIFIED,OPERATIONAL,False,Le Mont Restaurant,"1114 Grandview Ave, Pittsburgh, PA 15211, USA",4.3,1880,4,False,"['Monday: Closed', 'Tuesday: 5:00\u2009–\u20099:00\u202fPM', 'Wednesday: 5:00\u2009–\u20099:00\u202fPM', 'Thursday: 5:00\u2009–\u20099:00\u202fPM', 'Friday: 5:00\u2009–\u200910:00\u202fPM', 'Saturday: 5:00\u2009–\u200910:00\u202fPM', 'Sunday: 4:00\u2009–\u20098:00\u202fPM']",[],Fine dining restaurants,2025-08-13T11:53:02.710590,ChIJ06OQr6_2NIgRICqUO8vUW2s,
LongHorn Steakhouse,Highly-rated steakhouses - 4.4/5.0 stars (2421 reviews),4.4/5.0,Google Places API,https://maps.google.com/maps?place_id=ChIJJ6HT5uBYNIgRid9sPs7GWaQ,True,1,VERIFIED,OPERATIONAL,False,LongHorn Steakhouse,"200 Robinson Centre Dr, Pittsburgh, PA 15205, USA",4.4,2421,2,True,"['Monday: 11:00\u202fAM\u2009–\u200910:00\u202fPM', 'Tuesday: 11:00\u202fAM\u2009–\u200910:00\u202fPM', 'Wednesday: 11:00\u202fAM\u2009–\u200910:00\u202fPM', 'Thursday: 11:00\u202fAM\u2009–\u200910:00\u202fPM', 'Friday: 11:00\u202fAM\u2009–\u200911:00\u202fPM', 'Saturday: 11:00\u202fAM\u2009–\u200911:00\u202fPM', 'Sunday: 11:00\u202fAM\u2009–\u200910:00\u202fPM']",[],Steakhouses,2025-08-13T11:53:03.874340,ChIJJ6HT5uBYNIgRid9sPs7GWaQ,
Armstrong's,Highly-rated italian restaurants - 4.3/5.0 stars (1121 reviews),4.3/5.0,Google Places API,https://maps.google.com/maps?place_id=ChIJrRZkcspdNIgRKjr0uXFga3U,True,1,VERIFIED,OPERATIONAL,False,Armstrong's,"5301 Grove Rd, Pittsburgh, PA 15236, USA",4.4,1168,2,True,"['Monday: Closed', 'Tuesday: 11:00\u202fAM\u2009–\u20099:00\u202fPM', 'Wednesday: 11:00\u202fAM\u2009–\u20099:00\u202fPM', 'Thursday: 11:00\u202fAM\u2009–\u20099:00\u202fPM', 'Friday: 11:00\u202fAM\u2009–\u20099:00\u202fPM', 'Saturday: 11:00\u202fAM\u2009–\u20099:00\u202fPM', 'Sunday: 12:00\u2009–\u20098:00\u202fPM']",[],Italian restaurants,2025-08-13T11:53:04.874331,ChIJtyK7FAT6NIgRUHCizJ6PQIo,
Nate's Chop House,Highly-rated steakhouses - 4.3/5.0 stars (623 reviews),4.3/5.0,Google Places API,https://maps.google.com/maps?place_id=ChIJ5_R25k9VNIgRL7JsmZfR4fs,True,1,VERIFIED,OPERATIONAL,False,Nate's Chop House,"1900 Main St, Canonsburg, PA 15317, USA",4.3,623,2,True,"['Monday: Closed', 'Tuesday: 11:00\u202fAM\u2009–\u20099:00\u202fPM', 'Wednesday: 11:00\u202fAM\u2009–\u20099:00\u202fPM', 'Thursday: 11:00\u202fAM\u2009–\u20099:00\u202fPM', 'Friday: 11:00\u202fAM\u2009–\u20099:00\u202fPM', 'Saturday: 4:00\u2009–\u20099:00\u202fPM', 'Sunday: Closed']",[],Steakhouses,2025-08-13T11:53:05.874193,ChIJ5_R25k9VNIgRL7JsmZfR4fs,
Dave & Buster's Pittsburgh - Homestead,Highly-rated mid-to-upscale restaurants - 4.2/5.0 stars (5413 reviews),4.2/5.0,Google Places API,https://maps.google.com/maps?place_id=ChIJE2GouT3uNIgRAbT_1kfLxoA,True,1,VERIFIED,OPERATIONAL,False,Dave & Buster's Pittsburgh - Homestead,"180 E Waterfront Dr, Homestead, PA 15120, USA",4.2,5413,2,True,"['Monday: 10:00\u202fAM\u2009–\u200912:00\u202fAM', 'Tuesday: 10:00\u202fAM\u2009–\u200912:00\u202fAM', 'Wednesday: 10:00\u202fAM\u2009–\u200912:00\u202fAM', 'Thursday: 10:00\u202fAM\u2009–\u200912:00\u202fAM', 'Friday: 10:00\u202fAM\u2009–\u20091:00\u202fAM', 'Saturday: 10:00\u202fAM\u2009–\u20091:00\u202fAM', 'Sunday: 10:00\u202fAM\u2009–\u200912:00\u202fAM']",[],Mid-to-upscale restaurants,2025-08-13T11:53:07.125070,ChIJE2GouT3uNIgRAbT_1kfLxoA,
Grand Concourse,Highly-rated mid-to-upscale restaurants - 4.2/5.0 stars (2955 reviews),4.2/5.0,Google Places API,https://maps.google.com/maps?place_id=ChIJK0Gg3U3xNIgR91MmvokkqIE,True,1,VERIFIED,OPERATIONAL,False,Grand Concourse,"100 W Station Square Dr, Pittsburgh, PA 15219, USA",4.2,2955,3,True,"['Monday: 11:30\u202fAM\u2009–\u20099:00\u202fPM', 'Tuesday: 11:30\u202fAM\u2009–\u20099:00\u202fPM', 'Wednesday: 11:30\u202fAM\u2009–\u20099:00\u202fPM', 'Thursday: 11:30\u202fAM\u2009–\u20099:30\u202fPM', 'Friday: 11:30\u202fAM\u2009–\u20099:30\u202fPM', 'Saturday: 11:30\u202fAM\u2009–\u20099:30\u202fPM', 'Sunday: 9:00\u202fAM\u2009–\u20098:30\u202fPM']",[],Mid-to-upscale restaurants,2025-08-13T11:53:08.074200,ChIJK0Gg3U3xNIgR91MmvokkqIE,
Olive Garden Italian Restaurant,Highly-rated mid-to-upscale restaurants - 4.2/5.0 stars (2820 reviews),4.2/5.0,Google Places API,https://maps.google.com/maps?place_id=ChIJaXW2-_D2NIgRv_-Cc7QZr4I,True,1,VERIFIED,OPERATIONAL,False,Olive Garden Italian Restaurant,"971 Greentree Rd, Pittsburgh, PA 15220, USA",4.2,2820,2,True,"['Monday: 11:00\u202fAM\u2009–\u200910:00\u202fPM', 'Tuesday: 11:00\u202fAM\u2009–\u200910:00\u202fPM', 'Wednesday: 11:00\u202fAM\u2009–\u200910:00\u202fPM', 'Thursday: 11:00\u202fAM\u2009–\u200910:00\u202fPM', 'Friday: 11:00\u202fAM\u2009–\u200911:00\u202fPM', 'Saturday: 11:00\u202fAM\u2009–\u200911:00\u202fPM', 'Sunday: 11:00\u202fAM\u2009–\u200910:00\u202fPM']",[],Mid-to-upscale restaurants,2025-08-13T11:53:09.467332,ChIJaXW2-_D2NIgRv_-Cc7QZr4I,
DeNunzio's Italian Trattoria,Highly-rated italian restaurants - 4.2/5.0 stars (1154 reviews),4.2/5.0,Google Places API,https://maps.google.com/maps?place_id=ChIJAQBAUAXqNIgRwzlhgcNQblw,True,1,VERIFIED,OPERATIONAL,False,DeNunzio's Italian Trattoria,"2644 Mosside Blvd, Monroeville, PA 15146, USA",4.2,1154,2,True,"['Monday: 11:00\u202fAM\u2009–\u20098:30\u202fPM', 'Tuesday: 11:00\u202fAM\u2009–\u20099:00\u202fPM', 'Wednesday: 11:00\u202fAM\u2009–\u20099:00\u202fPM', 'Thursday: 11:00\u202fAM\u2009–\u20099:00\u202fPM', 'Friday: 11:00\u202fAM\u2009–\u20099:30\u202fPM', 'Saturday: 11:00\u202fAM\u2009–\u20099:30\u202fPM', 'Sunday: 11:00\u202fAM\u2009–\u20098:30\u202fPM']",[],Italian restaurants,2025-08-13T11:53:10.475317,ChIJAQBAUAXqNIgRwzlhgcNQblw,
Braddock's Rebellion,Highly-rated mid-to-upscale restaurants - 4.2/5.0 stars (345 reviews),4.2/5.0,Google Places API,https://maps.google.com/maps?place_id=ChIJR4nVEVbxNIgRbbtd9j788xU,True,1,VERIFIED,OPERATIONAL,False,Braddock's Rebellion,"107 6th St, Pittsburgh, PA 15222, USA",4.2,345,3,False,"['Monday: 6:30\u2009–\u200911:00\u202fAM', 'Tuesday: 6:30\u2009–\u200911:00\u202fAM', 'Wednesday: 6:30\u2009–\u200911:00\u202fAM, 5:00\u2009–\u20099:00\u202fPM', 'Thursday: 6:30\u2009–\u200911:00\u202fAM, 5:00\u2009–\u20099:00\u202fPM', 'Friday: 6:30\u2009–\u200911:00\u202fAM, 5:00\u2009–\u20099:00\u202fPM', 'Saturday: 8:00\u202fAM\u2009–\u200912:00\u202fPM, 5:00\u2009–\u20099:00\u202fPM', 'Sunday: 8:00\u202fAM\u2009–\u200912:30\u202fPM']",[],Mid-to-upscale restaurants,2025-08-13T11:53:11.682536,ChIJR4nVEVbxNIgRbbtd9j788xU,
Lucca Ristorante,Highly-rated italian restaurants - 4.1/5.0 stars (1036 reviews),4.1/5.0,Google Places API,https://maps.google.com/maps?place_id=ChIJhSAtHyTyNIgRDUVWLHZNrmQ,True,1,VERIFIED,OPERATIONAL,False,Lucca Ristorante,"317 S Craig St, Pittsburgh, PA 15213, USA",4.1,1036,2,True,"['Monday: 11:30\u202fAM\u2009–\u20099:00\u202fPM', 'Tuesday: 11:30\u202fAM\u2009–\u20099:00\u202fPM', 'Wednesday: 11:30\u202fAM\u2009–\u20099:00\u202fPM', 'Thursday: 11:30\u202fAM\u2009–\u20099:00\u202fPM', 'Friday: 11:30\u202fAM\u2009–\u200910:00\u202fPM', 'Saturday: 11:30\u202fAM\u2009–\u200910:00\u202fPM', 'Sunday: 11:30\u202fAM\u2009–\u20099:00\u202fPM']",[],Italian restaurants,2025-08-13T11:53:12.907608,ChIJhSAtHyTyNIgRDUVWLHZNrmQ,
Gaucho Parrilla Argentina,Authentic Argentine steakhouse and parrilla in the Strip District,,Restaurant Guide,https://restaurantguides.com/pittsburgh,False,1,VERIFIED,OPERATIONAL,False,Gaucho Parrilla Argentina,"146 6th St, Pittsburgh, PA 15222, USA",4.6,4147,2,True,"['Monday: Closed', 'Tuesday: 11:00\u202fAM\u2009–\u20099:30\u202fPM', 'Wednesday: 11:00\u202fAM\u2009–\u20099:30\u202fPM', 'Thursday: 11:00\u202fAM\u2009–\u20099:30\u202fPM', 'Friday: 11:00\u202fAM\u2009–\u20099:30\u202fPM', 'Saturday: 11:00\u202fAM\u2009–\u20099:30\u202fPM', 'Sunday: Closed']",[],,2025-08-13T11:53:13.892454,ChIJHaLGRefzNIgRf_UaVEuRZtE,
B52,"B52 offers a taste of the Mediterranean with the likes of hummus, falafel, and kofta, all meat- and dairy-free. Even the coffee bar uses house-made almond milks to create its hot chocolates and cortados. The kitchen staff is simply masterful with ingredients. Try the cashew cheese toast with preserv",,Thrillist,https://www.thrillist.com/eat/pittsburgh/best-vegetarian-vegan-restaurants-in-pittsburgh-pa,False,1,NOT_FOUND,NOT_FOUND,,,,,,,,,,,2025-08-13T11:53:14.962310,,
Randita’s,"With menu items like hot sausage, chicken salad, and reuben, you’d think, ""this can’t possibly be a vegan joint."" Wrong. Using seitan, tofu, and more plant-based substitutes, Randita’s creates pretty convincing fakes. The real highlight here is the African Peanut Stew, a hearty bowl of slowly cooked",,Thrillist,https://www.thrillist.com/eat/pittsburgh/best-vegetarian-vegan-restaurants-in-pittsburgh-pa,False,1,VERIFIED,CLOSED_PERMANENTLY,True,Randita's Organic Vegan Cafe,"207 Commercial Ave, Pittsburgh, PA 15215, USA",4.8,39,,,[],[],,2025-08-13T11:53:15.825161,ChIJPywT3G7tNIgRvfZpIFQjnQo,
Apteka,"Can pierogies without cheese be the best in Pittsburgh? Yes, thanks to Apteka. The all-vegan Eastern European spot proves that dairy or meat is not required for greatness. The smoked parsnip or the sauerkraut and mushroom pierogi further prove this point (and make a real case that love is real). Don",,Thrillist,https://www.thrillist.com/eat/pittsburgh/best-vegetarian-vegan-restaurants-in-pittsburgh-pa,False,1,VERIFIED,OPERATIONAL,False,APTEKA,"4606 Penn Ave, Pittsburgh, PA 15224, USA",4.7,1683,2,False,"['Monday: Closed', 'Tuesday: Closed', 'Wednesday: Closed', 'Thursday: Closed', 'Friday: 5:00\u2009–\u200910:00\u202fPM', 'Saturday: 5:00\u2009–\u200910:00\u202fPM', 'Sunday: 5:00\u2009–\u200910:00\u202fPM']",[],,2025-08-13T11:53:16.926371,ChIJ9Q1kJUTyNIgRuvW9f60WFmI,
Eden,"The first place in the ‘Burgh to commit to the idea of raw vegan fare way back in 2011, Eden is a creative meal haven. Vegetables and nuts are used in ways that might have you scratching your head but stuffing your face. Fancy a slice of raw lasagna? How about a raw vegan sorbet? The answer should b",,Thrillist,https://www.thrillist.com/eat/pittsburgh/best-vegetarian-vegan-restaurants-in-pittsburgh-pa,False,1,VERIFIED,OPERATIONAL,False,Over Eden,"177 40th St, Pittsburgh, PA 15201, USA",3.9,373,,False,"['Monday: Closed', 'Tuesday: 5:00\u2009–\u200910:00\u202fPM', 'Wednesday: 5:00\u2009–\u200910:00\u202fPM', 'Thursday: 5:00\u2009–\u200910:00\u202fPM', 'Friday: 5:00\u2009–\u200911:00\u202fPM', 'Saturday: 5:00\u2009–\u200911:00\u202fPM', 'Sunday: Closed']",[],,2025-08-13T11:53:17.936457,ChIJTdlGrlzzNIgRIQf1pxrBMXc,
Franktuary,"We know, we know: hot dogs are usually associated with mystery meat blends and 'pink slime.' Not at Franktuary, where alongside natural-cased dogs, it's serving tofu dogs and other meatless treats. Vegan chili, lentil sloppy Joes, and roasted grain sausage are all on offer so you can indulge in clas",,Thrillist,https://www.thrillist.com/eat/pittsburgh/best-vegetarian-vegan-restaurants-in-pittsburgh-pa,False,1,VERIFIED,CLOSED_PERMANENTLY,True,Franktuary,"325 Oliver Ave, Pittsburgh, PA 15222, USA",4.4,19,1,,[],[],,2025-08-13T11:53:18.948264,ChIJ35LwDlfxNIgRwKQwHc096Fs,
Coffee & Cafe,"Onion Maiden (mobile, hardcore vegan food purveyors) and Lili Cafe of Polish Hill (also worth a visit) formed a magical alliance to serve lunch, breakfast, and early dinners out of Pittsburgh Filmmakers. The location is a touch off the beaten path, but the vegan banh mi with tofu and vegenaise make ",,Thrillist,https://www.thrillist.com/eat/pittsburgh/best-vegetarian-vegan-restaurants-in-pittsburgh-pa,False,1,VERIFIED,OPERATIONAL,False,The Garden Cafe,"1022 Chestnut St, Pittsburgh, PA 15212, USA",4.8,156,1,True,"['Monday: 7:00\u202fAM\u2009–\u20094:00\u202fPM', 'Tuesday: 7:00\u202fAM\u2009–\u20094:00\u202fPM', 'Wednesday: 7:00\u202fAM\u2009–\u20094:00\u202fPM', 'Thursday: 7:00\u202fAM\u2009–\u20094:00\u202fPM', 'Friday: 7:00\u202fAM\u2009–\u20094:00\u202fPM', 'Saturday: 7:00\u202fAM\u2009–\u20094:00\u202fPM', 'Sunday: 8:00\u202fAM\u2009–\u20094:00\u202fPM']",[],,2025-08-13T11:53:20.132230,ChIJ5z5YBGzzNIgRu-3O-CYgRE8,
Zenith,"Part antique store, part restaurant, The Zenith is the truly most unique place to chow down in Pittsburgh. While primarily vegan, you can get cheese (and eggs at brunch!) if you want to go the lacto (-ovo) route. The weekend brunch is particularly epic with a buffet of noodle salads, greens, and cak",,Thrillist,https://www.thrillist.com/eat/pittsburgh/best-vegetarian-vegan-restaurants-in-pittsburgh-pa,False,1,VERIFIED,OPERATIONAL,False,The Zenith,"86 S 26th St, Pittsburgh, PA 15203, USA",4.6,441,1,False,"['Monday: Closed', 'Tuesday: Closed', 'Wednesday: Closed', 'Thursday: 11:30\u202fAM\u2009–\u20097:00\u202fPM', 'Friday: 11:30\u202fAM\u2009–\u20097:00\u202fPM', 'Saturday: 11:30\u202fAM\u2009–\u20097:00\u202fPM', 'Sunday: 11:00\u202fAM\u2009–\u20092:30\u202fPM']",[],,2025-08-13T11:53:21.154246,ChIJ7ZptpnbxNIgRcyXrZDisGg4,
Burro,"This spot boasts a separate vegan and vegetarian menu for all of the taco and burrito lovers. Chile relleno burrito, vegan chorizo, potato tacos, and now seitan tacos... it’s all here, and it is all the shit. Look out for rotating vegan specials -- there's always a new reason to come back.",,Thrillist,https://www.thrillist.com/eat/pittsburgh/best-vegetarian-vegan-restaurants-in-pittsburgh-pa,False,1,VERIFIED,CLOSED_PERMANENTLY,True,El Burro Uno,"1108 Federal St, Pittsburgh, PA 15212, USA",4.2,777,1,,[],[],,2025-08-13T11:53:22.212509,ChIJKcgUmvfzNIgRBLShl8PA9U8,
Brillobox,"Brillobox always features vegetarian fare on its standard menu, but the best time to visit is for Starving Artist Sundays. For all of $7, you get to eat whatever the chef is prepping for dinner. In the past, we've seen the likes of chana masala, oyster mushroom po-boys, and adobo tofu burritos. Who ",,Thrillist,https://www.thrillist.com/eat/pittsburgh/best-vegetarian-vegan-restaurants-in-pittsburgh-pa,False,1,VERIFIED,OPERATIONAL,False,Brillobox,"4104 Penn Ave, Pittsburgh, PA 15224, USA",4.5,656,2,False,"['Monday: Closed', 'Tuesday: Closed', 'Wednesday: 5:00\u202fPM\u2009–\u20092:00\u202fAM', 'Thursday: 5:00\u202fPM\u2009–\u20092:00\u202fAM', 'Friday: 5:00\u202fPM\u2009–\u20092:00\u202fAM', 'Saturday: 5:00\u202fPM\u2009–\u20092:00\u202fAM', 'Sunday: 5:00\u202fPM\u2009–\u200912:00\u202fAM']",[],,2025-08-13T11:53:23.087394,ChIJxxYfM0_yNIgRM00-BqKCn3s,
Lili Cafe,"Laura Zorch/ThrillistLiliput Coffee & CafeOaklandOnion Maiden (mobile, hardcore vegan food purveyors) and Lili Cafe of Polish Hill (also worth a visit) formed a magical alliance to serve lunch, breakfast, and early dinners out of Pittsburgh Filmmakers",,Thrillist,https://www.thrillist.com/eat/pittsburgh/best-vegetarian-vegan-restaurants-in-pittsburgh-pa,False,1,VERIFIED,CLOSED_PERMANENTLY,True,Lili Coffee Shop LLC,"3138 Dobson St, Pittsburgh, PA 15219, USA",4.6,95,,,[],[],,2025-08-13T11:53:24.144254,ChIJc4zWcMvzNIgRqYhLmGphn8E,
PittsburghEatPittsburgh,Best Vegetarian & Vegan Restaurants in Pittsburgh to Eat at Right Now - ThrillistSkip to main contentThrillistSubscribeGo to NavigationNavigationDestinationsAthensBudapestCancunChicagoHong KongLas VegasLisbonLondonLos AngelesMontego BayMunichNew YorkParisTokyoGuidesRoad TripsTravel ItinerariesEvent ,,Thrillist,https://www.thrillist.com/eat/pittsburgh/best-vegetarian-vegan-restaurants-in-pittsburgh-pa,False,1,VERIFIED,UNKNOWN,False,Pittsburgh,"Pittsburgh, PA, USA",,,,,[],[],,2025-08-13T11:53:25.140792,ChIJA4UGSG_xNIgRNBuiWqEV-Y0,
We LoveBy Laura,Best Vegetarian & Vegan Restaurants in Pittsburgh to Eat at Right Now - ThrillistSkip to main contentThrillistSubscribeGo to NavigationNavigationDestinationsAthensBudapestCancunChicagoHong KongLas VegasLisbonLondonLos AngelesMontego BayMunichNew YorkParisTokyoGuidesRoad TripsTravel ItinerariesEvent ,,Thrillist,https://www.thrillist.com/eat/pittsburgh/best-vegetarian-vegan-restaurants-in-pittsburgh-pa,False,1,VERIFIED,OPERATIONAL,False,You Love You LLC,"Pittsburgh, PA 15120, USA",,,,True,"['Monday: Open 24 hours', 'Tuesday: Open 24 hours', 'Wednesday: Open 24 hours', 'Thursday: Open 24 hours', 'Friday: Open 24 hours', 'Saturday: Open 24 hours', 'Sunday: Open 24 hours']",[],,2025-08-13T11:53:26.039474,ChIJARtDMCrxNIgROeWHMzhSkpE,
Spak,Laura Zorch/ThrillistSpak BrothersGarfieldThere are hoagies and then there are the seitan melts at Spak,,Thrillist,https://www.thrillist.com/eat/pittsburgh/best-vegetarian-vegan-restaurants-in-pittsburgh-pa,False,1,VERIFIED,OPERATIONAL,False,Spak Brothers,"5107 Penn Ave, Pittsburgh, PA 15224, USA",4.6,1214,1,False,"['Monday: Closed', 'Tuesday: 3:00\u2009–\u20099:00\u202fPM', 'Wednesday: 3:00\u2009–\u20099:00\u202fPM', 'Thursday: 3:00\u2009–\u20099:00\u202fPM', 'Friday: 3:00\u2009–\u20099:00\u202fPM', 'Saturday: 3:00\u2009–\u20099:00\u202fPM', 'Sunday: 3:00\u2009–\u20099:00\u202fPM']",[],,2025-08-13T11:53:26.981781,ChIJ17qAEELyNIgRuOAM6Sm8NMs,
At Palm Palm,"At Palm Palm, a new restaurant in Shadyside, take a vacation with every bite",,Local Media (https://nextpittsburgh.com/),https://nextpittsburgh.com/eatdrink/at-palm-palm-a-new-restaurant-in-shadyside-take-a-vacation-with-every-bite/,False,1,VERIFIED,OPERATIONAL,False,Palm Palm,"5996 Centre Ave, Pittsburgh, PA 15206, USA",4.1,133,,False,"['Monday: 3:30\u2009–\u200910:00\u202fPM', 'Tuesday: 3:30\u2009–\u200910:00\u202fPM', 'Wednesday: 3:30\u2009–\u200910:00\u202fPM', 'Thursday: 3:30\u2009–\u200910:00\u202fPM', 'Friday: 3:30\u2009–\u200911:00\u202fPM', 'Saturday: 10:00\u202fAM\u2009–\u200911:00\u202fPM', 'Sunday: 10:00\u202fAM\u2009–\u20099:00\u202fPM']",[],,2025-08-13T11:53:28.639499,ChIJ9wRKdwDzNIgR61-YrW-nZPI,
Butcher and the Rye,Upscale whiskey bar and restaurant in the Strip District known for house-made charcuterie,,Restaurant Guide,https://restaurantguides.com/pittsburgh,False,1,VERIFIED,CLOSED_PERMANENTLY,True,Butcher and the Rye,"212 6th St, Pittsburgh, PA 15222, USA",4.6,1196,3,,[],[],,2025-08-13T11:53:29.644388,ChIJf-65ZlbxNIgRQGkd09aM0d8,
Spoon,Contemporary American restaurant in East Liberty with seasonal farm-to-table menu,,Restaurant Guide,https://restaurantguides.com/pittsburgh,False,1,VERIFIED,CLOSED_PERMANENTLY,True,Spoon,"134 S Highland Ave, Pittsburgh, PA 15206, USA",4.5,300,3,,[],[],,2025-08-13T11:53:30.548837,ChIJSwSue3PyNIgRhpu4fhxQ5ag,
The Commoner,Contemporary American restaurant in Hotel Monaco downtown,,Restaurant Guide,https://restaurantguides.com/pittsburgh,False,1,VERIFIED,OPERATIONAL,False,The Commoner,"620 William Penn Pl, Pittsburgh, PA 15219, USA",4.4,1948,3,True,"['Monday: 7:00\u2009–\u200910:30\u202fAM, 11:00\u202fAM\u2009–\u20092:00\u202fPM, 5:00\u2009–\u20099:00\u202fPM', 'Tuesday: 7:00\u2009–\u200910:30\u202fAM, 11:00\u202fAM\u2009–\u20092:00\u202fPM, 5:00\u2009–\u20099:00\u202fPM', 'Wednesday: 7:00\u2009–\u200910:30\u202fAM, 11:00\u202fAM\u2009–\u20092:00\u202fPM, 5:00\u2009–\u20099:00\u202fPM', 'Thursday: 7:00\u2009–\u200910:30\u202fAM, 11:00\u202fAM\u2009–\u20092:00\u202fPM, 5:00\u2009–\u20099:00\u202fPM', 'Friday: 7:00\u2009–\u200910:30\u202fAM, 11:00\u202fAM\u2009–\u20092:00\u202fPM, 5:00\u202fPM\u2009–\u200912:00\u202fAM', 'Saturday: 8:30\u202fAM\u2009–\u20091:30\u202fPM, 5:00\u202fPM\u2009–\u200912:00\u202fAM', 'Sunday: 8:30\u202fAM\u2009–\u20091:30\u202fPM, 5:00\u2009–\u20099:00\u202fPM']",[],,2025-08-13T11:53:31.489327,ChIJLe2gNljxNIgRyIt5PgU3xtk,
Kaya,Caribbean restaurant in the Strip District with tropical cocktails and island cuisine,,Restaurant Guide,https://restaurantguides.com/pittsburgh,False,1,VERIFIED,OPERATIONAL,False,Kaya,"2000 Smallman St, Pittsburgh, PA 15222, USA",4.5,1876,2,True,"['Monday: 11:30\u202fAM\u2009–\u200910:00\u202fPM', 'Tuesday: 11:30\u202fAM\u2009–\u200910:00\u202fPM', 'Wednesday: 11:30\u202fAM\u2009–\u200910:00\u202fPM', 'Thursday: 11:30\u202fAM\u2009–\u200910:00\u202fPM', 'Friday: 11:30\u202fAM\u2009–\u200911:00\u202fPM', 'Saturday: 11:30\u202fAM\u2009–\u200911:00\u202fPM', 'Sunday: 11:00\u202fAM\u2009–\u200910:00\u202fPM']",[],,2025-08-13T11:53:32.533538,ChIJUWs5GN3zNIgRPZqcckSz0q4,
